position,ref_allele,alt_allele
11719,a,g
14766,t,c
7028,t,c
2706,g,a
11719,a,g
14766,t,c
11467,a,g
12372,g,a
12308,a,g
7028,t,c
73,g,a
2706,g,a
12372,g,a
11467,a,g
73,g,a
12308,a,g
1555,a,g
13617,t,c
10238,T,C
1555,a,g
9477,g,a
3197,t,c
12501,G,A
15043,G,A
13617,t,c
11778,g,a
3197,t,c
9477,g,a
4529,A,T
16270,c,t
11778,g,a
10034,T,C
11778,g,a
11467,a,g
250,T,C
9477,g,a
13780,A,G
12372,g,a
16270,c,t
12308,a,g
13617,t,c
13708,g,a
11467,a,g
12612,a,g
14793,a,g
199,T,C
16391,G,A
12308,a,g
3197,t,c
12372,g,a
11899,T,C
150,c,t
13708,g,a
11467,a,g
12612,a,g
7476,c,t
16069,c,t
14793,a,g
295,c,t
16270,c,t
3197,t,c
16223,C,T
2706,g,a
13617,t,c
9477,g,a
15758,A,G
7028,t,c
10081,T,C
15257,g,a
15218,a,g
11348,C,T
15250,C,T
150,c,t
7559,A,G
7476,c,t
7028,t,c
3984,C,T
14793,a,g
3197,t,c
11971,C,T
15257,g,a
2706,g,a
3010,G,A
12705,C,T
9477,g,a
7559,A,G
13617,t,c
12372,G,A
15257,g,a
12308,a,g
14766,t,c
14793,a,g
8251,G,A
11719,a,g
12372,g,a
10142,C,T
11467,a,g
11719,a,g
14766,T,C
3010,G,A
3010,G,A
16069,c,t
3721,A,G
15257,g,a
12308,A,G
12308,a,g
12372,g,a
2706,G,A
9477,G,A
295,c,t
4418,T,C
11719,A,G
15218,A,G
1694,T,C
11467,A,G
13617,T,C
3936,C,T
3736,G,A
2885,T,C
1719,G,A
14766,t,c
1391,T,C
5442,T,C
12372,G,A
8734,C,A
1721,c,t
73,G,A
15812,g,a
73,G,A
13637,a,g
7028,T,C
4171,C,A
16270,c,t
12308,A,G
73,G,A
2483,T,C
11719,G,A
12376,T,G
73,G,A
7476,c,t
11467,a,g
12308,a,g
12372,g,a
14793,A,G
15218,A,G
15218,a,g
11467,A,G
150,c,t
12308,a,g
16270,C,T
12950,A,G
12612,A,G
5147,G,A
11719,G,A
10398,a,g
3197,T,C
15257,g,a
10398,a,g
5633,c,t
3736,G,A
11719,a,g
951,G,A
4065,A,G
12372,G,A
14766,C,T
1721,c,t
11719,A,G
14766,t,c
12372,g,a
5913,G,A
14766,C,T
6734,G,A
14484,T,C
507,T,C
7476,c,t
16270,C,T
8938,A,G
10081,T,C
16270,c,t
3316,G,A
12308,A,G
7567,C,T
11467,A,G
9055,g,a
73,g,a
14766,T,C
15218,a,g
16144,T,C
15373,A,G
827,A,G
14766,T,C
2706,G,A
2218,C,T
193,A,G
1555,a,g
2706,g,a
15218,a,g
7768,a,g
7729,A,G
9800,T,C
11719,A,G
15927,G,A
13708,G,A
4592,T,C
193,A,G
2706,G,A
16270,C,T
9477,G,A
7028,t,c
3936,C,T
16223,C,T
7028,T,C
15218,A,G
1391,T,C
15250,C,T
13617,T,C
10499,a,g
7768,a,g
14766,t,c
16223,C,T
15812,g,a
11778,G,A
15924,A,G
3666,G,A
15301,G,A
9156,A,G
3777,T,C
3796,A,G
4104,A,G
16126,T,C
2706,G,A
8393,C,T
7028,t,c
13637,a,g
3612,C,T
15968,T,C
73,g,a
4529,A,T
3197,T,C
2706,g,a
9407,C,T
8251,G,A
11467,a,g
285,C,T
8251,G,A
4336,T,C
15250,C,T
7028,T,C
2885,T,C
9950,T,C
8938,A,G
1018,G,A
14016,G,A
15250,C,T
11719,a,g
1189,t,c
10081,T,C
3480,a,g
8853,A,G
6836,C,T
11812,a,g
3721,A,G
7028,T,C
16391,g,a
15257,g,a
6546,C,T
15812,G,A
11470,a,g
4216,T,C
9114,A,G
11506,T,C
14167,c,t
7831,C,T
9698,t,c
9477,G,A
10188,A,G
5633,c,t
10822,C,T
2706,G,A
15452,C,A
13617,T,C
12454,G,A
11299,t,c
11143,C,T
3984,C,T
13500,T,C
13575,C,T
11251,A,G
3197,T,C
14793,A,G
11971,C,T
14070,A,G
14233,a,g
12379,C,T
7768,a,g
8734,C,A
10034,T,C
14793,A,G
12923,G,T
6528,C,T
9477,G,A
10084,T,C
11251,A,G
9667,A,G
15968,T,C
5633,C,T
10550,a,g
150,c,t
3423,T,G
3984,C,T
8616,G,T
462,C,T
15452,C,A
11971,C,T
10081,T,C
6836,C,T
13617,T,C
8655,C,T
14793,A,G
5263,C,T
4216,T,C
73,G,A
3612,C,T
11348,C,T
6734,g,a
11899,T,C
1811,a,g
13117,A,G
10238,T,C
3447,a,g
10398,A,G
1555,A,G
12397,A,G
11778,g,a
15244,A,G
7521,G,A
7768,a,g
14133,a,g
1555,A,G
9647,T,C
207,G,A
14793,A,G
250,T,C
3990,C,T
10084,T,C
2706,g,a
462,c,t
8563,A,G
15452,C,A
7567,C,T
6227,T,C
1719,G,A
7028,T,C
9093,A,G
15214,T,C
16362,T,C
4917,A,G
14094,T,C
5263,C,T
9168,C,T
1555,A,G
6752,A,G
2141,T,C
6734,g,a
13506,C,T
7963,A,G
